value,pct_convos
helpfulness,23.359
professionalism,22.861
transparency,17.391
clarity,16.58
thoroughness,14.301
efficiency,6.606
technical excellence,6.127
authenticity,6.042
analytical rigor,5.478
accuracy,5.318
technical competence,4.912
adaptability,4.811
intellectual honesty,4.806
accessibility,4.12
pragmatism,3.72
precision,3.537
academic rigor,3.357
service orientation,2.708
responsibility,2.707
intellectual rigor,2.658
clear communication,2.563
technical precision,2.475
objectivity,2.342
user experience,2.336
empathy,2.318
honesty,2.145
practical utility,2.138
user autonomy,2.066
practicality,2.056
accountability,2.019
systematic organization,1.981
inclusivity,1.89
educational clarity,1.885
reliability,1.813
academic integrity,1.797
cultural sensitivity,1.795
collaboration,1.772
harm prevention,1.735
personal growth,1.584
attention to detail,1.568
educational value,1.568
fairness,1.48
professional competence,1.461
emotional authenticity,1.334
organization,1.295
effectiveness,1.246
code quality,1.231
safety,1.218
ethical boundaries,1.165
educational excellence,1.041
balanced perspective,1.031
user empowerment,1.023
professional responsibility,1.011
epistemic humility,1.011
professional boundaries,1.0
creativity,0.978
social responsibility,0.975
risk management,0.954
cultural respect,0.942
scientific rigor,0.94
legal compliance,0.939
technical rigor,0.919
strategic thinking,0.898
professional integrity,0.893
proactiveness,0.872
work-life balance,0.87
professional development,0.866
intellectual curiosity,0.866
educational support,0.85
emotional intelligence,0.841
sustainability,0.82
user-centricity,0.789
emotional wellbeing,0.784
security consciousness,0.781
maintainability,0.77
code maintainability,0.764
continuous improvement,0.757
emotional support,0.756
compliance,0.751
professional excellence,0.746
security,0.744
human dignity,0.738
factual accuracy,0.732
expertise,0.72
educational effectiveness,0.713
professional expertise,0.712
respect,0.705
scientific accuracy,0.695
technical accuracy,0.69
knowledge sharing,0.689
personal autonomy,0.681
professional ethics,0.673
systematic thinking,0.672
consent,0.669
cultural preservation,0.652
constructive feedback,0.644
ethical conduct,0.641
ethical integrity,0.641
informed decision-making,0.634
constructive dialogue,0.632
safety consciousness,0.628
professional courtesy,0.613
financial prudence,0.606
safety first,0.596
intellectual humility,0.594
innovation,0.592
evidence-based practice,0.591
ethical responsibility,0.59
autonomy,0.582
competence,0.578
systematic analysis,0.566
professional growth,0.563
comprehensiveness,0.555
community building,0.55
systematic approach,0.547
responsiveness,0.545
quality standards,0.544
empowerment,0.544
creative expression,0.543
practical effectiveness,0.539
courtesy,0.536
organizational clarity,0.532
narrative craft,0.528
artistic integrity,0.507
conscientiousness,0.498
wellbeing,0.49
social justice,0.488
supportiveness,0.48
compassion,0.477
critical thinking,0.47
constructive engagement,0.47
methodical planning,0.439
environmental stewardship,0.436
evidence-based reasoning,0.432
craftsmanship,0.42
informed consent,0.419
professional standards,0.416
user accessibility,0.413
relationship building,0.412
creative freedom,0.407
educational responsibility,0.406
bonds between relatives,0.405
health consciousness,0.405
integrity,0.404
emotional sensitivity,0.398
medical safety,0.397
environmental sustainability,0.394
education,0.386
proactive support,0.386
truthfulness,0.385
balanced analysis,0.383
thoughtfulness,0.381
user-centered design,0.376
collaborative spirit,0.375
respect for religion,0.375
constructive redirection,0.371
collaborative learning,0.364
methodical organization,0.363
educational thoroughness,0.361
practical wisdom,0.361
social impact,0.36
optimization,0.359
regulatory compliance,0.356
historical accuracy,0.35
educational accessibility,0.349
career advancement,0.347
consistency,0.344
adaptiveness,0.341
social connection,0.34
emotional validation,0.338
practical efficiency,0.338
emotional depth,0.338
gratitude,0.331
creative integrity,0.33
customer service,0.328
organizational effectiveness,0.321
continuous learning,0.321
financial responsibility,0.319
psychological safety,0.319
academic excellence,0.318
neutrality,0.317
community engagement,0.315
patient safety,0.314
healthy boundaries,0.314
scientific integrity,0.314
analytical thoroughness,0.308
privacy protection,0.304
artistic excellence,0.303
informed choice,0.301
methodical precision,0.3
respect for autonomy,0.296
cost-effectiveness,0.296
personalization,0.295
fiscal responsibility,0.293
medical responsibility,0.292
data integrity,0.292
growth mindset,0.29
cultural authenticity,0.29
human connection,0.287
psychological wellbeing,0.287
diplomatic communication,0.286
methodical analysis,0.286
persistence,0.284
aesthetic appreciation,0.284
cultural appreciation,0.283
humility,0.283
procedural correctness,0.278
career development,0.276
collaborative approach,0.272
mutual respect,0.271
medical expertise,0.268
diligence,0.266
security-mindedness,0.265
health optimization,0.263
educational commitment,0.262
holistic wellbeing,0.262
systematic planning,0.26
dignity,0.255
intellectual thoroughness,0.253
psychological realism,0.248
medical ethics,0.245
aesthetic quality,0.244
preventive care,0.244
customer focus,0.243
analytical precision,0.243
discretion,0.241
professional thoroughness,0.241
social harmony,0.236
individual autonomy,0.236
patient autonomy,0.235
constructive guidance,0.235
methodological rigor,0.234
structured learning,0.233
emotional safety,0.233
mentorship,0.23
analytical objectivity,0.23
intellectual property rights,0.227
prudence,0.226
journalistic integrity,0.225
procedural fairness,0.224
psychological depth,0.224
directness,0.223
user wellbeing,0.222
patient wellbeing,0.222
initiative,0.222
pedagogical clarity,0.221
creative collaboration,0.22
narrative integrity,0.22
effective communication,0.219
patience,0.219
quality focus,0.219
narrative consistency,0.218
strategic planning,0.217
pedagogical care,0.216
artistic expression,0.214
playfulness,0.213
data-driven decisions,0.212
child welfare,0.211
creative autonomy,0.211
student wellbeing,0.211
structured thinking,0.207
proactive assistance,0.206
technical correctness,0.206
professional rigor,0.205
code organization,0.203
methodical approach,0.201
resilience,0.2
service excellence,0.199
business ethics,0.199
emotional connection,0.199
technological progress,0.198
supportive guidance,0.196
respect for expertise,0.196
medical accuracy,0.196
aesthetic excellence,0.195
educational quality,0.195
excellence,0.194
truth-seeking,0.193
employee wellbeing,0.193
systematic improvement,0.192
linguistic precision,0.191
proactive improvement,0.19
gender equality,0.187
animal welfare,0.185
consumer protection,0.184
educational development,0.184
simplicity,0.184
engagement,0.182
professional objectivity,0.182
data privacy,0.182
organizational efficiency,0.181
restraint,0.18
structured communication,0.18
self-reflection,0.18
collaborative engagement,0.179
documentation,0.179
medical professionalism,0.178
ethical marketing,0.178
student engagement,0.177
operational efficiency,0.173
mental wellbeing,0.173
security mindedness,0.172
procedural compliance,0.172
self-acceptance,0.172
harm reduction,0.171
user compliance,0.17
technical expertise,0.17
error prevention,0.169
educational growth,0.169
medical prudence,0.168
risk awareness,0.168
sustainable growth,0.168
literary craft,0.168
collaborative problem-solving,0.168
business value,0.166
educational empowerment,0.166
holistic development,0.166
relationship maintenance,0.166
intellectual growth,0.165
reusability,0.165
dignity preservation,0.165
structured organization,0.164
self-awareness,0.164
responsible guidance,0.162
service-orientation,0.161
proactive service,0.161
methodological precision,0.16
self-compassion,0.16
usability,0.16
balanced judgment,0.158
analytical clarity,0.157
aesthetic refinement,0.156
relationship preservation,0.155
exploitation,0.155
attentiveness,0.155
environmental responsibility,0.155
obedience,0.155
justice,0.153
emotional intimacy,0.152
boundaries,0.152
audience engagement,0.151
flexibility,0.151
emotional awareness,0.151
craft excellence,0.151
aesthetic harmony,0.15
wisdom,0.149
child protection,0.148
modularity,0.148
public safety,0.147
privacy,0.146
healthy relationships,0.146
educational merit,0.146
health safety,0.145
family values,0.145
systematic thoroughness,0.144
self-improvement,0.144
politeness,0.143
child development,0.143
business effectiveness,0.143
appropriate boundaries,0.143
ethical business,0.142
methodical process,0.142
constructive problem-solving,0.141
balance,0.14
sexual exploitation,0.14
mindfulness,0.14
intellectual integrity,0.139
user-centric design,0.138
problem-solving,0.137
narrative authenticity,0.137
social awareness,0.137
relationship-building,0.137
respect for boundaries,0.136
constructive communication,0.135
proactive helpfulness,0.135
thoughtful planning,0.135
business success,0.135
ethical compliance,0.133
system reliability,0.133
human wellbeing,0.133
trust,0.133
intellectual depth,0.133
confidentiality,0.133
proactive problem-solving,0.13
user safety,0.129
artistic appreciation,0.128
intellectual engagement,0.127
educational rigor,0.127
equity,0.127
child safety,0.125
security mindfulness,0.124
aesthetic beauty,0.124
diplomacy,0.123
collaborative support,0.123
safety-mindedness,0.123
constructive framing,0.122
community support,0.122
constructive support,0.122
quality,0.12
mutual benefit,0.12
practical application,0.117
consideration,0.116
tradition,0.116
professional guidance,0.116
pedagogical effectiveness,0.116
respectful communication,0.116
content moderation,0.115
ethical restraint,0.115
analytical thinking,0.115
self-care,0.115
perseverance,0.114
social appropriateness,0.113
user engagement,0.113
trust-building,0.113
sustainable progress,0.113
personal agency,0.113
user responsiveness,0.113
resource efficiency,0.112
institutional respect,0.112
creative excellence,0.111
proactive planning,0.11
emotional maturity,0.11
professional clarity,0.11
validation,0.109
robustness,0.109
data security,0.109
pragmatic efficiency,0.109
child wellbeing,0.109
optimism,0.108
ethical consideration,0.107
educational enrichment,0.107
spiritual growth,0.107
professional neutrality,0.106
results-orientation,0.106
warmth,0.106
resource optimization,0.105
systematic evaluation,0.104
cultural inclusivity,0.104
marketing effectiveness,0.104
stakeholder consideration,0.104
community service,0.104
collaborative refinement,0.104
inclusion,0.104
dominance,0.103
authentic connection,0.102
customer-centricity,0.102
gradual progress,0.102
educational equity,0.102
diplomatic tact,0.101
resourcefulness,0.101
social equity,0.101
systematic methodology,0.101
cooperation,0.101
practical implementation,0.101
credibility,0.1
rule compliance,0.1
respect for authority,0.1
scientific objectivity,0.1
sophistication,0.1
educational helpfulness,0.1
harmony within the family,0.1
analytical depth,0.099
meaningful connection,0.099
public service,0.099
intellectual clarity,0.099
community empowerment,0.098
quality assurance,0.098
sexual permissiveness,0.098
encouragement,0.098
documentation quality,0.098
methodological thoroughness,0.098
professional service,0.097
user protection,0.097
health promotion,0.096
open communication,0.096
ethical awareness,0.096
emotional honesty,0.096
systematic documentation,0.096
respect for tradition,0.095
legal precision,0.095
sustainable development,0.095
enthusiasm,0.094
self-respect,0.094
environmental consciousness,0.094
privacy rights,0.094
hope,0.094
protective care,0.094
financial security,0.093
ethical leadership,0.093
educational integrity,0.092
professional detachment,0.091
practical problem-solving,0.091
technical clarity,0.091
balanced assessment,0.091
community connection,0.091
public health,0.09
data-driven decision making,0.09
artistic authenticity,0.09
civic engagement,0.09
constructive criticism,0.09
cultural awareness,0.09
loyalty,0.09
intellectual precision,0.089
positivity,0.089
operational excellence,0.089
practical planning,0.089
professional conduct,0.089
collaborative leadership,0.088
client service,0.088
epistemic responsibility,0.088
psychological insight,0.088
rule adherence,0.088
scientific precision,0.087
personal responsibility,0.086
due diligence,0.086
non-judgment,0.086
positive reinforcement,0.086
success,0.085
bodily autonomy,0.085
pragmatic problem-solving,0.085
strategic effectiveness,0.085
client autonomy,0.085
appropriateness,0.085
thoughtful consideration,0.084
physical wellbeing,0.084
measurable impact,0.084
artistic craft,0.084
cost-consciousness,0.084
family wellbeing,0.084
holistic health,0.084
personal boundaries,0.084
emotional warmth,0.084
creative authenticity,0.084
methodical thoroughness,0.083
completeness,0.083
educational access,0.083
code clarity,0.082
accommodation for users,0.082
psychological authenticity,0.082
curiosity,0.082
methodical thinking,0.081
social welfare,0.081
business growth,0.08
compassionate care,0.08
constructive help,0.08
religious devotion,0.08
service quality,0.079
practical relevance,0.079
authenticity preservation,0.079
cultural competence,0.079
student empowerment,0.079
commercial success,0.079
emotional growth,0.079
professional communication,0.078
lawfulness,0.078
character authenticity,0.078
content safety,0.078
business acumen,0.078
business efficiency,0.078
relationship health,0.077
objectification,0.077
respectful boundaries,0.077
constructive improvement,0.077
human welfare,0.077
logical consistency,0.077
hedonism,0.076
communication clarity,0.076
foresight,0.076
human rights,0.075
democratic participation,0.075
independence,0.075
documentation clarity,0.075
professional precision,0.075
risk mitigation,0.075
practical competence,0.074
customer care,0.074
responsible development,0.074
efficiency optimization,0.074
honest communication,0.074
balanced progress,0.074
patient education,0.073
professional discretion,0.073
preparedness,0.073
systematic learning,0.073
cultural adaptation,0.073
environmental protection,0.073
professional effectiveness,0.073
holistic wellness,0.073
artistic quality,0.072
helping others,0.072
scholarly rigor,0.072
emotional resonance,0.072
comprehensive care,0.072
scientific validity,0.072
data-driven,0.072
community wellbeing,0.072
agency,0.072
structured planning,0.072
career growth,0.071
institutional integrity,0.071
contextual awareness,0.071
personal safety,0.071
proactive responsibility,0.071
holistic understanding,0.071
cost efficiency,0.07
aesthetics,0.07
social inclusion,0.07
engineering rigor,0.07
self-worth,0.069
conciseness,0.069
constructive collaboration,0.069
self-determination,0.069
ethical practice,0.069
procedural integrity,0.068
mental health awareness,0.068
code reusability,0.068
collaborative improvement,0.068
preparation,0.068
female empowerment,0.068
stakeholder inclusion,0.068
task focus,0.068
structure,0.068
performance optimization,0.068
cultural understanding,0.067
personalized care,0.067
expertise and respect,0.067
amorality,0.067
practical value,0.067
educational guidance,0.067
professional respect,0.067
narrative coherence,0.066
structured guidance,0.066
balanced development,0.066
value creation,0.066
thoughtful communication,0.066
balanced reporting,0.066
quality-focus,0.065
health preservation,0.065
nuanced understanding,0.065
moderation,0.065
ethical business practices,0.065
constructive reframing,0.065
mental health,0.064
utility,0.064
brand integrity,0.064
business optimization,0.064
due process,0.064
character development,0.064
structured process,0.064
conflict resolution,0.063
visual clarity,0.063
balanced communication,0.063
genuine connection,0.063
instruction adherence,0.063
reciprocity,0.062
leadership development,0.062
democratic values,0.062
narrative fidelity,0.062
workplace harmony,0.062
health-consciousness,0.061
long-term planning,0.061
technical reliability,0.061
sexual objectification,0.061
social consciousness,0.061
user comfort,0.061
collaborative partnership,0.061
emotional restraint,0.06
commercial effectiveness,0.06
boundary setting,0.06
manipulation,0.06
anti-discrimination,0.06
diversity,0.06
historical authenticity,0.06
vulnerability,0.06
strategic alignment,0.06
moral integrity,0.059
human agency,0.059
social progress,0.059
personal wellbeing,0.059
ethical business conduct,0.059
systematic process,0.059
knowledge preservation,0.059
mutual understanding,0.059
balanced living,0.058
logical coherence,0.058
standardization,0.058
strategic growth,0.058
achievement orientation,0.058
mutual support,0.058
community benefit,0.057
user support,0.057
friendship,0.057
privacy respect,0.057
humor,0.057
holistic care,0.057
workplace safety,0.056
organizational rigor,0.056
linguistic accuracy,0.056
fair compensation,0.056
medical competence,0.056
direct communication,0.056
protocol adherence,0.056
process adherence,0.056
client wellbeing,0.056
patient empowerment,0.055
political neutrality,0.055
non-violence,0.054
character autonomy,0.054
student autonomy,0.054
women's empowerment,0.054
practical support,0.054
health education,0.054
scientific understanding,0.054
legality,0.054
historical preservation,0.054
relationship nurturing,0.053
client-centricity,0.053
documentation rigor,0.053
emotional regulation,0.053
educational focus,0.053
responsible innovation,0.053
patient welfare,0.053
social grace,0.053
practical impact,0.053
harmony,0.053
medical thoroughness,0.053
pragmatic effectiveness,0.052
literary excellence,0.052
brand consistency,0.052
personal authenticity,0.052
comprehensive understanding,0.052
collaborative dialogue,0.052
kindness,0.052
responsible communication,0.052
institutional accountability,0.052
functionality,0.052
productivity,0.052
boundary respect,0.052
procedural justice,0.051
documentation integrity,0.051
customer satisfaction,0.051
expertise recognition,0.051
pride in one's country,0.051
patient care,0.051
duty,0.051
active listening,0.05
hospitality,0.05
reader engagement,0.05
health protection,0.05
ethical behavior,0.05
truth-telling,0.05
quality of life,0.05
thoughtful organization,0.05
system stability,0.05
business sustainability,0.05
academic precision,0.05
best practices,0.049
respect for diversity,0.049
moral courage,0.049
elegance,0.049
stability,0.049
realism,0.049
future-proofing,0.049
comfort,0.049
ethical research,0.049
professional deference,0.048
educational mindset,0.048
relationship respect,0.048
educational engagement,0.048
procedural rigor,0.048
research ethics,0.047
quality improvement,0.047
clinical objectivity,0.047
storytelling craft,0.047
artistic creativity,0.047
fidelity,0.047
data protection,0.047
scientific progress,0.047
entertainment value,0.047
diplomatic sensitivity,0.047
relationship harmony,0.047
personal dignity,0.046
moral complexity,0.046
boundary violation,0.046
self-expression,0.046
organizational excellence,0.046
measurable results,0.046
peace,0.046
technical efficiency,0.046
economic development,0.045
financial optimization,0.045
strategic optimization,0.045
stakeholder engagement,0.045
family bonding,0.045
business pragmatism,0.045
long-term thinking,0.045
individual dignity,0.045
scalability,0.045
cultural heritage,0.044
professional accountability,0.044
explicit content,0.044
user privacy,0.044
authentic communication,0.044
consideration for others,0.044
formality,0.044
time efficiency,0.044
user satisfaction,0.044
public welfare,0.044
professional restraint,0.044
academic objectivity,0.044
organizational alignment,0.044
collaborative helpfulness,0.043
architectural clarity,0.043
factual objectivity,0.043
cultural enrichment,0.043
collaborative respect,0.043
solution-oriented,0.043
verification,0.043
cost consciousness,0.043
emotional balance,0.043
psychological growth,0.043
pedagogical excellence,0.043
security mindset,0.043
intellectual property respect,0.043
practical learning,0.043
visual aesthetics,0.043
meaningful impact,0.043
nuanced thinking,0.043
cultural diversity,0.043
technical professionalism,0.043
user-friendliness,0.043
social consideration,0.043
collective wellbeing,0.043
proactive care,0.043
evidence-based thinking,0.043
student development,0.043
international cooperation,0.043
caution,0.043
moral nihilism,0.042
conflict avoidance,0.042
emotional wisdom,0.042
non-consent,0.042
personal development,0.042
narrative restraint,0.042
systematic rigor,0.042
inclusive participation,0.042
proactive guidance,0.042
economic efficiency,0.042
methodical rigor,0.042
respect for privacy,0.042
orderliness,0.042
clear boundaries,0.042
measurable outcomes,0.042
professional diligence,0.041
preservation,0.041
respect for preferences,0.041
moral disregard,0.041
structural clarity,0.041
romantic love,0.041
quality control,0.041
self-reliance,0.041
balanced discourse,0.041
task completion,0.041
patient-centered care,0.041
engineering excellence,0.041
trustworthiness,0.041
systematic precision,0.041
user service,0.041
respect for others,0.041
teaching mindset,0.04
spiritual respect,0.04
youth empowerment,0.04
service to others,0.04
connection with relatives,0.04
convenience,0.04
authentic relationships,0.04
educational advancement,0.04
civic responsibility,0.04
religious tolerance,0.04
protection,0.04
achievement recognition,0.04
respectful discourse,0.04
creative engagement,0.04
teamwork,0.04
student success,0.039
inner peace,0.039
user alignment,0.039
technical responsibility,0.039
work ethic,0.039
community impact,0.039
design excellence,0.039
sincerity,0.039
artistic merit,0.039
research integrity,0.039
thoughtful deliberation,0.039
collective action,0.039
system integrity,0.039
personal empowerment,0.039
proactivity,0.039
filial piety,0.039
methodological integrity,0.039
strategic communication,0.039
social support,0.038
data preservation,0.038
humanitarian concern,0.038
peaceful resolution,0.038
content boundaries,0.038
client focus,0.038
cultural adaptability,0.038
collaborative mindset,0.038
ethical disregard,0.038
professional dignity,0.038
narrative quality,0.038
positive framing,0.038
user understanding,0.038
learner autonomy,0.037
linguistic authenticity,0.037
intellectual autonomy,0.037
client protection,0.037
audience awareness,0.037
good governance,0.037
collaborative growth,0.037
balanced approach,0.037
self-advocacy,0.037
meaningful work,0.037
customization,0.037
practical helpfulness,0.037
clinical precision,0.037
strategic clarity,0.037
professional judgment,0.037
discipline,0.037
self-actualization,0.037
practical guidance,0.037
heritage preservation,0.037
team collaboration,0.037
recognition,0.036
empirical validation,0.036
creative respect,0.036
psychological understanding,0.036
time management,0.036
gentle guidance,0.036
responsible planning,0.036
future utility,0.036
patient dignity,0.036
thoughtful preparation,0.036
creative support,0.036
playful engagement,0.036
worker rights,0.036
loyalty to family,0.036
financial success,0.036
professional credibility,0.036
moral responsibility,0.036
inclusive education,0.036
originality,0.036
boundary-setting,0.035
iterative improvement,0.035
systematic clarity,0.035
trust building,0.035
methodical problem-solving,0.035
minimalism,0.035
balanced reasoning,0.035
partnership,0.035
respectful dialogue,0.034
financial literacy,0.034
thoughtful design,0.034
thoughtful analysis,0.034
educational transparency,0.034
sensitivity,0.034
narrative immersion,0.034
business etiquette,0.034
emotional expression,0.034
interpersonal warmth,0.034
data quality,0.034
religious authenticity,0.034
experiential learning,0.034
autonomy respect,0.034
evidence-based analysis,0.034
emotional healing,0.034
organizational respect,0.034
systematic assessment,0.034
authenticity in the local area,0.034
resource stewardship,0.033
perspective-taking,0.033
dedication,0.033
data-driven analysis,0.033
informed autonomy,0.033
trauma-informed care,0.033
tact,0.033
developer experience,0.033
redemption,0.033
unity,0.033
methodical clarity,0.033
accommodation,0.033
pragmatic helpfulness,0.033
knowledge advancement,0.033
user convenience,0.033
respect for hierarchy,0.033
holistic thinking,0.033
empirical rigor,0.033
methodical reasoning,0.033
self-knowledge,0.033
literary appreciation,0.033
culinary expertise,0.033
systematic reasoning,0.033
collaborative creativity,0.033
nuanced analysis,0.033
collective responsibility,0.033
diplomatic neutrality,0.033
trauma sensitivity,0.033
entrepreneurship,0.033
courage,0.033
physical safety,0.033
evidence-based decisions,0.033
rule-following,0.032
content appropriateness,0.032
leadership,0.032
documentation thoroughness,0.032
pragmatic planning,0.032
balanced relationships,0.032
usefulness,0.032
environmental appreciation,0.032
transparent communication,0.032
practical feasibility,0.032
technical robustness,0.032
philosophical depth,0.032
responsible disclosure,0.032
character agency,0.032
brand authenticity,0.032
responsible governance,0.032
social benefit,0.032
commercial pragmatism,0.032
creative craft,0.032
food safety,0.032
clinical thoroughness,0.032
hierarchical respect,0.032
team cohesion,0.032
playful creativity,0.032
professional polish,0.032
linguistic accommodation,0.032
user-focused,0.032
intellectual independence,0.032
goal achievement,0.031
public accountability,0.031
rule of law,0.031
scholarly integrity,0.031
methodological transparency,0.031
narrative depth,0.031
user-centric,0.031
ethical reasoning,0.031
moral boundaries,0.031
ethical communication,0.031
prudent planning,0.031
balanced growth,0.031
commitment,0.031
moral development,0.031
achievement,0.031
instruction following,0.031
academic thoroughness,0.031
nonviolence,0.031
authentic engagement,0.03
ethical reflection,0.03
contextual understanding,0.03
equality,0.03
healing,0.03
social propriety,0.03
balanced lifestyle,0.03
support from relatives,0.03
exclusivity,0.03
process orientation,0.03
nurturing care,0.03
future-orientation,0.03
deep understanding,0.03
wisdom-seeking,0.03
medical precision,0.03
employee development,0.03
self-protection,0.03
quality excellence,0.03
social cohesion,0.03
relationship management,0.03
collaborative care,0.03
process optimization,0.03
modesty,0.03
professional humility,0.03
journalistic objectivity,0.03
social etiquette,0.03
inclusive design,0.03
professional collaboration,0.03
patriotism,0.03
empathetic understanding,0.03
human-centered design,0.03
connection,0.03
evidence-based policy,0.029
power dynamics,0.029
simplification,0.029
ethical governance,0.029
organizational hierarchy,0.029
moral education,0.029
social stability,0.029
authentic expression,0.029
visual harmony,0.029
understanding,0.029
professional dedication,0.029
respect for dignity,0.029
commercial viability,0.029
meaning-making,0.029
neurodiversity acceptance,0.029
forward planning,0.029
collaborative service,0.029
emotional truth,0.029
practical preparation,0.029
forgiveness,0.029
pragmatic utility,0.029
narrative clarity,0.028
professional care,0.028
health,0.028
task compliance,0.028
structured methodology,0.028
moral autonomy,0.028
measured progress,0.028
balanced decision-making,0.028
data-driven optimization,0.028
pragmatic optimization,0.028
emotional vulnerability,0.028
preventive health,0.028
translation accuracy,0.028
user enablement,0.028
emotional boundaries,0.028
forethought,0.028
appreciation of nature,0.028
social contribution,0.028
sexual liberation,0.028
national sovereignty,0.028
content responsibility,0.028
procedural clarity,0.028
moral rejection,0.028
systematic consistency,0.028
gradual progression,0.028
reconciliation,0.028
domination,0.028
developmental appropriateness,0.028
systematic execution,0.028
technical pragmatism,0.028
worker protection,0.028
intellectual responsibility,0.028
focus on users,0.027
methodical assessment,0.027
character consistency,0.027
responsiveness to feedback,0.027
community,0.027
logical organization,0.027
propriety,0.027
self-discovery,0.027
care ethics,0.027
technical thoroughness,0.027
responsible gambling,0.027
format compliance,0.027
constructive assistance,0.027
artistic sensitivity,0.027
destigmatization,0.027
role commitment,0.027
knowledge accessibility,0.027
user comprehension,0.027
information security,0.027
wholesomeness,0.027
academic achievement,0.027
responsible care,0.027
natural harmony,0.027
critical analysis,0.027
cross-cultural understanding,0.026
rationality,0.026
expertise sharing,0.026
comprehensive analysis,0.026
creative exploration,0.026
cruelty,0.026
structured analysis,0.026
technical quality,0.026
practical knowledge,0.026
intentionality,0.026
non-judgmental support,0.026
carefulness,0.026
technical optimization,0.026
respect for time,0.026
constructive growth,0.026
customer value,0.026
systematic understanding,0.026
domain expertise,0.026
collegiality,0.026
voyeurism,0.026
pragmatic balance,0.025
strategic focus,0.025
family care,0.025
cost effectiveness,0.025
sexual explicitness,0.025
collaborative inquiry,0.025
structured progression,0.025
emotional health,0.025
moral neutrality,0.025
boundary maintenance,0.025
engagement optimization,0.025
religious faith,0.025
caring,0.025
non-discrimination,0.025
professional autonomy,0.025
approachability,0.025
prudent risk management,0.025
measured restraint,0.025
client advocacy,0.025
creative problem-solving,0.025
peace promotion,0.025
user education,0.025
player agency,0.025
process integrity,0.025
mathematical precision,0.025
careful deliberation,0.025
intentional living,0.025
healthy communication,0.025
traditional wisdom,0.024
parental responsibility,0.024
responsible stewardship,0.024
moral independence,0.024
unrestricted expression,0.024
professional accuracy,0.024
skill development,0.024
parental autonomy,0.024
human autonomy,0.024
operational reliability,0.024
creative innovation,0.024
stakeholder respect,0.024
structured clarity,0.024
long-term wellbeing,0.024
modernization,0.024
versatility,0.024
institutional stability,0.024
affordability,0.024
student support,0.024
constructive action,0.024
natural beauty,0.024
mindful presence,0.024
mental health advocacy,0.024
measurable progress,0.024
educational care,0.024
social justice awareness,0.024
constructiveness,0.024
protecting vulnerable people,0.024
professional efficiency,0.024
knowledge-sharing,0.024
entertainment,0.024
teaching,0.024
systems thinking,0.024
technological innovation,0.024
communication effectiveness,0.024
strategic leadership,0.024
organizational responsibility,0.024
commercial awareness,0.024
professional transparency,0.024
professional documentation,0.024
balanced wellbeing,0.024
structured support,0.024
ethical consistency,0.024
religious sensitivity,0.024
content sensitivity,0.023
practical consideration,0.023
collaborative decision-making,0.023
culinary excellence,0.023
community development,0.023
environmental awareness,0.023
quality craftsmanship,0.023
meaningful relationships,0.023
collaborative teamwork,0.023
goal alignment,0.023
structured documentation,0.023
constructive honesty,0.023
environmental conservation,0.023
sportsmanship,0.023
civic duty,0.023
clear documentation,0.023
creative empowerment,0.023
engaging storytelling,0.023
body positivity,0.023
data accuracy,0.023
social engagement,0.023
injury prevention,0.023
positive impact,0.023
practical success,0.023
spiritual wisdom,0.023
clinical accuracy,0.023
tasteful restraint,0.023
technical compliance,0.023
design consistency,0.023
risk prevention,0.023
protecting minors,0.023
tactfulness,0.023
unity within families,0.023
methodological clarity,0.023
compassionate support,0.022
thoughtful reflection,0.022
medical authority,0.022
scientific advancement,0.022
human development,0.022
victim protection,0.022
sustainable habits,0.022
worker wellbeing,0.022
human safety,0.022
emotional control,0.022
generosity,0.022
creative responsibility,0.022
structured pedagogy,0.022
technical mastery,0.022
extensibility,0.022
constructive discourse,0.022
protective guidance,0.022
customer service excellence,0.022
moral disengagement,0.022
creative fidelity,0.022
cultural inclusion,0.022
procedural discipline,0.022
intellectual discourse,0.022
health equity,0.022
character growth,0.022
community care,0.022
individualized care,0.022
self-development,0.022
healthcare access,0.022
age-appropriate content,0.022
knowledge-seeking,0.022
emotional sincerity,0.022
waste reduction,0.022
spiritual authenticity,0.022
comprehensive documentation,0.022
diplomatic courtesy,0.022
durability,0.022
respect for elders,0.022
acceptance,0.022
educational achievement,0.022
copyright respect,0.022
measured communication,0.022
supportive communication,0.022
patient privacy,0.022
practical optimization,0.022
individual rights,0.021
correctness,0.021
medical care,0.021
diversity inclusion,0.021
intellectual objectivity,0.021
memory preservation,0.021
intellectual fairness,0.021
professional quality,0.021
legal accuracy,0.021
meritocracy,0.021
contextual appropriateness,0.021
seeking wisdom,0.021
human oversight,0.021
refinement,0.021
nationalism,0.021
financial independence,0.021
engineering best practices,0.021
pragmatic realism,0.021
civility,0.021
consumer empowerment,0.021
fraud prevention,0.021
client empowerment,0.021
intergenerational connection,0.021
unconditional love,0.021
practical mastery,0.021
intellectual accessibility,0.021
knowledge integration,0.021
legitimacy,0.021
philosophical inquiry,0.021
student-centered learning,0.021
innovation focus,0.021
professional support,0.02
risk-awareness,0.02
procedural consistency,0.02
enabling harm,0.02
respect for experience,0.02
reputation management,0.02
career success,0.02
self-sacrifice,0.02
systematic optimization,0.02
profit maximization,0.02
relationship depth,0.02
epistemic rigor,0.02
mathematical rigor,0.02
legal fairness,0.02
institutional effectiveness,0.02
rational analysis,0.02
artistic freedom,0.02
readability,0.02
relevance,0.02
employee empowerment,0.02
constructive solutions,0.02
emotional understanding,0.02
open-mindedness,0.02
code robustness,0.02
wellness,0.02
moral reflection,0.02
practical convenience,0.02
clinical competence,0.02
aesthetic sophistication,0.02
achievement-orientation,0.02
creative service,0.02
respectfulness,0.02
meaningful engagement,0.02
educational scaffolding,0.02
methodical learning,0.02
human life,0.02
educational innovation,0.02
progress,0.02
learning effectiveness,0.019
property rights,0.019
workplace appropriateness,0.019
emotional attunement,0.019
collaborative development,0.019
individual agency,0.019
pragmatic adaptation,0.019
pragmatic flexibility,0.019
scientific methodology,0.019
consent awareness,0.019
responsible decision-making,0.019
professional craft,0.019
cautiousness,0.019
time respect,0.019
type safety,0.019
measurability,0.019
emotional consideration,0.019
workplace wellbeing,0.019
code reliability,0.019
business continuity,0.019
community-building,0.019
respectful engagement,0.019
practical accessibility,0.019
wonder,0.019
family stability,0.019
medical caution,0.019
business competence,0.019
power worship,0.019
practical functionality,0.019
respect for craft,0.019
healthcare quality,0.019
timeliness,0.019
relationship commitment,0.019
human potential,0.019
pedagogical thoroughness,0.019
ethical principles,0.019
proactive protection,0.019
audience consideration,0.019
brand alignment,0.019
factual integrity,0.019
deception,0.019
success with clients,0.019
psychological health,0.019
empowerment at the local level,0.019
organizational integrity,0.019
individual wellbeing,0.019
integrity of character,0.019
value neutrality,0.019
responsible use,0.019
religious inclusivity,0.018
public good,0.018
rational discourse,0.018
creative partnership,0.018
medical wellbeing,0.018
systematic design,0.018
format adherence,0.018
collective progress,0.018
character depth,0.018
practical solutions,0.018
results-oriented,0.018
business integrity,0.018
ethical transparency,0.018
child autonomy,0.018
emotional engagement,0.018
linguistic adaptability,0.018
visual consistency,0.018
sexual freedom,0.018
celebration,0.018
architectural integrity,0.018
educational service,0.018
strategic excellence,0.018
long-term sustainability,0.018
emotional nurturing,0.018
control,0.018
clinical professionalism,0.018
moral clarity,0.018
psychological manipulation,0.018
enablement,0.018
evidence-based decision making,0.018
historical awareness,0.018
moral flexibility,0.018
democratic principles,0.018
inclusive dialogue,0.018
social equality,0.018
wit,0.018
code efficiency,0.018
creative independence,0.018
respect for agency,0.018
medical privacy,0.018
receptiveness to feedback,0.018
strategic wisdom,0.018
child engagement,0.018
scientific literacy,0.018
creative enablement,0.018
frugality,0.018
healthcare equity,0.018
intellectual creativity,0.018
customer empowerment,0.018
corporate responsibility,0.018
community solidarity,0.018
lifelong learning,0.018
social development,0.018
structured approach,0.018
balanced consideration,0.018
audience respect,0.018
mindful living,0.018
stakeholder balance,0.018
collaborative progress,0.018
craft quality,0.018
protective boundaries,0.018
responsible discourse,0.018
content standards,0.018
instruction compliance,0.018
evidence-based care,0.018
holistic integration,0.018
cultural exchange,0.018
goal-orientation,0.018
explicit detail,0.018
economic empowerment,0.018
literary sophistication,0.017
diplomatic relations,0.017
possessiveness,0.017
collective achievement,0.017
protecting vulnerability,0.017
tactful communication,0.017
self-empowerment,0.017
inclusive leadership,0.017
systematic efficiency,0.017
team harmony,0.017
relationship boundaries,0.017
respectful redirection,0.017
student growth,0.017
ethical negligence,0.017
cost optimization,0.017
non-judgmental,0.017
information accuracy,0.017
educational impact,0.017
professional authenticity,0.017
descriptive detail,0.017
healthcare accessibility,0.017
responsible behavior,0.017
systematic problem-solving,0.017
inner wisdom,0.017
sustainable wellbeing,0.017
ethical storytelling,0.017
protective instinct,0.017
care for wellbeing,0.017
solution-focused,0.017
intellectual property protection,0.017
emotional resilience,0.017
religious reverence,0.017
student safety,0.017
individuality,0.017
intellectual transparency,0.017
cultural accessibility,0.017
inspiration,0.017
supportive relationships,0.017
organizational harmony,0.017
responsible technology use,0.017
proactive communication,0.017
democratic process,0.017
mission alignment,0.017
rehabilitation,0.017
physical comfort,0.017
service mindset,0.017
professional achievement,0.017
premium quality,0.017
devotion to family,0.017
professional duty,0.017
relatability,0.017
sustainable health,0.016
determination,0.016
learning,0.016
health awareness,0.016
writing craft,0.016
academic professionalism,0.016
artistic restraint,0.016
institutional compliance,0.016
parental empowerment,0.016
pastoral care,0.016
interpersonal harmony,0.016
rational decision-making,0.016
social adaptability,0.016
representation,0.016
methodical preparation,0.016
conflict de-escalation,0.016
stakeholder wellbeing,0.016
methodical evaluation,0.016
responsible tourism,0.016
urgency,0.016
social boundaries,0.016
impartiality,0.016
proportionality,0.016
professional organization,0.016
authentic self-expression,0.016
explicit content acceptance,0.016
individualization,0.016
moral consistency,0.016
respect for creativity,0.016
rational thinking,0.016
craft mastery,0.016
value-consciousness,0.016
long-term perspective,0.016
economic justice,0.016
relationship care,0.016
equal opportunity,0.016
documentation accuracy,0.016
playful humor,0.016
anti-censorship,0.016
process compliance,0.016
purposefulness,0.016
interdisciplinary collaboration,0.016
balanced representation,0.016
personalized learning,0.016
theological accuracy,0.016
community welfare,0.016
sexual gratification,0.016
empathetic care,0.016
linguistic fidelity,0.016
pragmatic solutions,0.016
thoughtful explanation,0.016
stress reduction,0.016
integration,0.016
systematization,0.016
incremental progress,0.016
mutual protection,0.016
bodily awareness,0.016
methodical care,0.016
financial sustainability,0.016
dignity and character,0.016
local relevance,0.016
public education,0.016
romantic intimacy,0.016
balanced governance,0.016
community spirit,0.016
moral growth,0.016
continuity,0.016
careful planning,0.016
authority,0.015
pragmatic implementation,0.015
measured response,0.015
documentation standards,0.015
sustainable practice,0.015
nutritional balance,0.015
strategic preparation,0.015
relationship authenticity,0.015
human empowerment,0.015
ethical oversight,0.015
practical organization,0.015
financial stability,0.015
narrative engagement,0.015
community focus,0.015
joy,0.015
professional success,0.015
aesthetic appeal,0.015
sales effectiveness,0.015
ethical sensitivity,0.015
social sensitivity,0.015
workplace etiquette,0.015
consumer advocacy,0.015
linguistic inclusivity,0.015
cautious guidance,0.015
business excellence,0.015
systematic progression,0.015
practical care,0.015
spiritual guidance,0.015
democratization,0.015
creative development,0.015
composure,0.015
parental support,0.015
constructive helpfulness,0.015
moral character,0.015
wisdom about relationships,0.015
therapeutic ethics,0.015
historical truth,0.015
information accessibility,0.015
moral conviction,0.015
legal expertise,0.015
organizational competence,0.015
peaceful coexistence,0.015
evidence-based approach,0.015
content integrity,0.015
coercion,0.015
inclusive communication,0.015
precautionary principle,0.015
gender inclusivity,0.015
gentleness,0.015
collaborative flexibility,0.015
devotion,0.015
transformation,0.015
emotional detachment,0.015
educational opportunity,0.015
respect for individuality,0.015
creative restraint,0.015
narrative responsibility,0.015
educational inclusion,0.015
self-sufficiency,0.015
athletic excellence,0.015
methodical improvement,0.015
mindful awareness,0.015
holistic growth,0.015
advocacy,0.015
administrative efficiency,0.015
organizational structure,0.015
scholarly precision,0.015
methodical documentation,0.014
cleanliness,0.014
appropriate conduct,0.014
user experience optimization,0.014
educational improvement,0.014
personal fulfillment,0.014
inclusiveness,0.014
bridge-building,0.014
prestige,0.014
cultural pride,0.014
responsible implementation,0.014
strategic prudence,0.014
democratic accountability,0.014
collaborative guidance,0.014
personal expression,0.014
intergenerational respect,0.014
realistic expectations,0.014
safety-consciousness,0.014
moral nuance,0.014
collaborative culture,0.014
rights protection,0.014
role integrity,0.014
practical skills,0.014
political alignment,0.014
nurturing relationships,0.014
supportive care,0.014
intellectual sophistication,0.014
professional oversight,0.014
sexual violence,0.014
academic standards,0.014
anti-materialism,0.014
quality-focused,0.014
professional advancement,0.014
collective benefit,0.014
wellness promotion,0.014
strategic patience,0.014
unquestioning compliance,0.014
musical expertise,0.014
responsible marketing,0.014
privacy awareness,0.014
power,0.014
enjoyment,0.014
responsible storytelling,0.014
digital literacy,0.014
narrative detail,0.014
therapeutic care,0.014
confidence,0.014
therapeutic effectiveness,0.014
life balance,0.014
scholarly objectivity,0.014
romantic idealism,0.014
results-focus,0.014
respect for complexity,0.014
self-control,0.014
stakeholder alignment,0.014
narrative neutrality,0.014
epistemic honesty,0.014
equal treatment,0.014
professional adaptability,0.014
luxury,0.014
customer trust,0.014
altruism,0.014
artistic innovation,0.014
security awareness,0.014
empathetic support,0.014
budget consciousness,0.014
systematic instruction,0.014
aesthetic sensibility,0.014
accessibility awareness,0.014
academic success,0.014
active learning,0.014
user empathy,0.014
emotional well-being,0.014
respect for individuals,0.014
self-discipline,0.014
ethical care,0.013
consumer education,0.013
student welfare,0.013
legacy preservation,0.013
organizational stability,0.013
respect for intent,0.013
respect for process,0.013
therapeutic support,0.013
self-trust,0.013
mutual care,0.013
hard work,0.013
competitive advantage,0.013
cultural integration,0.013
medical transparency,0.013
responsible boundaries,0.013
creative adaptation,0.013
mental health sensitivity,0.013
operational effectiveness,0.013
self-restraint,0.013
respectful guidance,0.013
economic sustainability,0.013
professional formality,0.013
legal protection,0.013
community contribution,0.013
interdisciplinary integration,0.013
knowledge transfer,0.013
psychological healing,0.013
ethical technology use,0.013
team wellbeing,0.013
workplace ethics,0.013
quality consciousness,0.013
social warmth,0.013
sexual dominance,0.013
environmental harmony,0.013
respect for relationships,0.013
fair play,0.013
future planning,0.013
respect for authorship,0.013
ethical guidance,0.013
clinical expertise,0.013
relationship repair,0.013
pedagogical support,0.013
process transparency,0.013
preventative care,0.013
prevention,0.013
procedural thoroughness,0.013
disregard for consent,0.013
rejection of ethics,0.013
balanced optimization,0.013
group harmony,0.013
structural integrity,0.013
stakeholder collaboration,0.013
strategic foresight,0.013
appreciation,0.013
professional focus,0.013
global perspective,0.013
positive reframing,0.013
political responsibility,0.013
aesthetic balance,0.013
safety-first,0.013
technical best practices,0.013
business viability,0.013
clinical utility,0.013
legal rights,0.013
business focus,0.013
openness,0.013
thoughtful engagement,0.013
aesthetic sensitivity,0.013
customer autonomy,0.013
artistic refinement,0.013
ethical development,0.013
harm,0.013
security compliance,0.013
empathetic communication,0.013
local expertise,0.013
legacy building,0.013
practical safety,0.013
professional warmth,0.013
emotional realism,0.013
duty to family,0.013
customer respect,0.013
constructive development,0.013
methodical instruction,0.013
systemic thinking,0.013
team spirit,0.013
comprehensive planning,0.013
positive engagement,0.012
open dialogue,0.012
marketing ethics,0.012
long-term value,0.012
structural organization,0.012
self-understanding,0.012
literary quality,0.012
systematic implementation,0.012
client care,0.012
global cooperation,0.012
supportive engagement,0.012
user value,0.012
misogyny,0.012
market fairness,0.012
self-confidence,0.012
balanced leadership,0.012
respect for history,0.012
respectful interaction,0.012
economic fairness,0.012
stakeholder protection,0.012
compassionate understanding,0.012
compatibility,0.012
educational assessment,0.012
technological literacy,0.012
responsible leadership,0.012
personal accountability,0.012
narrative autonomy,0.012
patient advocacy,0.012
romantic devotion,0.012
employee welfare,0.012
narrative cohesion,0.012
workplace respect,0.012
creative originality,0.012
workplace relationships,0.012
sensory detail,0.012
perfectionism,0.012
ethical judgment,0.012
community belonging,0.012
customer success,0.012
future orientation,0.012
technological advancement,0.012
customer empathy,0.012
boundary enforcement,0.012
dramatic tension,0.012
measured discourse,0.012
consent-focused,0.012
thoughtful process,0.012
balanced feedback,0.012
strategic partnership,0.012
investor protection,0.012
inclusive learning,0.012
multiple perspectives,0.012
societal benefit,0.012
independent thinking,0.012
educational progression,0.012
mutual growth,0.012
clinical detachment,0.012
legal integrity,0.012
linguistic accessibility,0.012
violence,0.012
poetic expression,0.012
customer experience,0.012
economic stability,0.012
reproducibility,0.012
submission,0.012
tranquility,0.012
workplace dignity,0.012
quality care,0.012
continuous growth,0.012
methodological soundness,0.012
protective responsibility,0.012
intellectual openness,0.012
social integration,0.012
inclusive governance,0.012
strategic networking,0.012
interpersonal connection,0.012
methodological care,0.012
indigenous rights,0.012
strategic impact,0.012
system optimization,0.012
friendliness,0.012
intellectual property ethics,0.012
interconnectedness,0.012
clinical responsibility,0.012
experiential wisdom,0.012
organizational awareness,0.012
developer empowerment,0.012
constructive alternatives,0.012
protecting vulnerable populations,0.011
player autonomy,0.011
explicit content creation,0.011
coherence,0.011
relationship quality,0.011
worker safety,0.011
logical clarity,0.011
thorough explanation,0.011
evidence-based planning,0.011
personalized attention,0.011
resource conservation,0.011
safety compliance,0.011
moral detachment,0.011
balanced understanding,0.011
solidarity,0.011
individual growth,0.011
collective welfare,0.011
community responsibility,0.011
responsible conduct,0.011
responsibility to family,0.011
responsible parenting,0.011
responsible action,0.011
ethical commerce,0.011
supportive environment,0.011
professional recognition,0.011
scientific credibility,0.011
active engagement,0.011
institutional responsibility,0.011
workplace fairness,0.011
scientific inquiry,0.011
security for loved ones,0.011
educational appropriateness,0.011
value optimization,0.011
youth development,0.011
psychological complexity,0.011
rational inquiry,0.011
diplomatic balance,0.011
reassurance,0.011
descriptive precision,0.011
human expertise,0.011
client value,0.011
practical skill development,0.011
operational transparency,0.011
educational depth,0.011
metacognition,0.011
community harmony,0.011
reverence,0.011
confidence building,0.011
cross-functional collaboration,0.011
business alignment,0.011
respect for existing work,0.011
emotional neutrality,0.011
positive relationships,0.011
power dominance,0.011
results orientation,0.011
caring relationships,0.011
economic opportunity,0.011
protecting vulnerable,0.011
protecting vulnerable individuals,0.011
learning mindset,0.011
learning orientation,0.011
scholarly thoroughness,0.011
explicit expression,0.011
code safety,0.011
religious freedom,0.011
purposeful living,0.011
care,0.011
analytical transparency,0.011
dignity of students,0.011
care for others,0.011
worker welfare,0.011
radical honesty,0.011
methodical debugging,0.011
respect for grief,0.011
respect for differences,0.011
results-focused,0.011
ethical representation,0.011
evidence-based assessment,0.011
emotional development,0.011
emotional manipulation,0.011
methodical professionalism,0.011
historical context,0.011
artistic respect,0.011
user benefit,0.011
balanced guidance,0.011
practical empowerment,0.011
error correction,0.011
craft expertise,0.011
comprehensive learning,0.011
dramatic storytelling,0.011
measurable achievement,0.011
communication efficiency,0.011
unconditional acceptance,0.011
participant wellbeing,0.011
social status,0.011
goal orientation,0.011
diplomatic restraint,0.011
truthful marketing,0.011
interdisciplinary thinking,0.011
institutional process,0.01
local knowledge,0.01
supportive encouragement,0.01
information clarity,0.01
inner strength,0.01
economic pragmatism,0.01
duty of care,0.01
artistic sophistication,0.01
educational professionalism,0.01
market awareness,0.01
pedagogical rigor,0.01
emotional nuance,0.01
thoughtful documentation,0.01
personal transformation,0.01
future-oriented thinking,0.01
gradual improvement,0.01
truthful representation,0.01
constructive attitude,0.01
balanced thinking,0.01
local development,0.01
creative quality,0.01
national security,0.01
deference,0.01
balanced evaluation,0.01
thorough preparation,0.01
user choice,0.01
inclusive collaboration,0.01
critical inquiry,0.01
societal impact,0.01
social learning,0.01
thorough documentation,0.01
community awareness,0.01
supportive community,0.01
career preparation,0.01
quality-mindedness,0.01
anti-racism,0.01
user-focus,0.01
feasibility,0.01
power abuse,0.01
responsible pet ownership,0.01
age-appropriate communication,0.01
organizational learning,0.01
scientific rationality,0.01
editorial integrity,0.01
supportive mentorship,0.01
organizational compliance,0.01
tactful honesty,0.01
constructive learning,0.01
commercial optimization,0.01
customer wellbeing,0.01
individual empowerment,0.01
inclusive representation,0.01
systematic progress,0.01
reflective practice,0.01
narrative control,0.01
moral transgression,0.01
natural wellness,0.01
comprehensive information,0.01
financial inclusion,0.01
clinical excellence,0.01
narrative excellence,0.01
scholarly standards,0.01
responsible oversight,0.01
romance,0.01
proactive engagement,0.01
balanced critique,0.01
relationship value,0.01
educational standards,0.01
explicit content generation,0.01
holistic education,0.01
commercial ethics,0.01
prosocial behavior,0.01
protecting vulnerable groups,0.01
protocol compliance,0.01
intimacy,0.01
user obedience,0.01
experiential value,0.01
sustainable productivity,0.01
protection of family,0.01
diplomatic solutions,0.01
tradition preservation,0.01
emotional stability,0.01
empirical evidence,0.01
practical experience,0.01
respect for the deceased,0.01
forward-thinking,0.01
preventive planning,0.01
development,0.01
diplomatic assertiveness,0.01
balanced fairness,0.01
reflection,0.01
client-centered care,0.01
strategic restraint,0.01
balanced information,0.01
philosophical reflection,0.01
practical education,0.01
structural precision,0.01
narrative sophistication,0.01
results-driven,0.01
authentic leadership,0.01
sensationalism,0.01
health responsibility,0.01
harm enabling,0.01
relationship-focused,0.01
collective wisdom,0.01
balanced achievement,0.01
intergenerational wisdom,0.01
intellectual development,0.01
professional appropriateness,0.01
teaching excellence,0.01
data-driven planning,0.01
discernment,0.01
constructive approach,0.009
organizational process,0.009
business practicality,0.009
individual expression,0.009
knowledge organization,0.009
civic participation,0.009
information integrity,0.009
legal ethics,0.009
institutional propriety,0.009
plant welfare,0.009
physical health,0.009
permissiveness,0.009
honor,0.009
enabling abuse,0.009
respect boundaries,0.009
self-correction,0.009
formal communication,0.009
practical comfort,0.009
cultural relevance,0.009
community inclusion,0.009
ethical persuasion,0.009
ethical progress,0.009
holistic assessment,0.009
cultural sophistication,0.009
community bonds,0.009
responsible journalism,0.009
responsible content,0.009
family-friendly content,0.009
practical wellbeing,0.009
respect for beliefs,0.009
moral permissiveness,0.009
community-mindedness,0.009
gender equity,0.009
respect for clients,0.009
proactive enhancement,0.009
predatory behavior,0.009
diplomatic honesty,0.009
protecting others,0.009
practical understanding,0.009
pragmatic simplicity,0.009
non-judgmental acceptance,0.009
diplomatic engagement,0.009
protection of vulnerable,0.009
professional helpfulness,0.009
design quality,0.009
participant autonomy,0.009
task-focus,0.009
anti-corruption,0.009
user experience focus,0.009
achievement-oriented,0.009
digital wellbeing,0.009
wholesome romance,0.009
interpersonal respect,0.009
writing quality,0.009
marital fidelity,0.009
balanced innovation,0.009
industry standards,0.009
traditional values,0.009
process improvement,0.009
logical rigor,0.009
creative vision,0.009
gradual growth,0.009
evidence-based governance,0.009
body acceptance,0.009
product quality,0.009
team coordination,0.009
detail orientation,0.009
mental health support,0.009
impact-focused,0.009
player engagement,0.009
democratic discourse,0.009
diplomatic professionalism,0.009
careful communication,0.009
emotional empathy,0.009
sovereignty,0.009
methodical transparency,0.009
code simplicity,0.009
spiritual reverence,0.009
political correctness,0.009
empirical validity,0.009
competitive excellence,0.009
distinctiveness,0.009
error handling,0.009
mutual consent,0.009
community integration,0.009
cultural adaptiveness,0.009
emotional security,0.009
artistic beauty,0.009
business impact,0.009
organizational loyalty,0.009
family togetherness,0.009
nostalgia,0.009
narrative focus,0.009
automation,0.009
sustainable success,0.009
journalistic neutrality,0.009
analytical neutrality,0.009
numerical precision,0.009
considerate communication,0.009
linguistic clarity,0.009
linguistic respect,0.009
knowledge synthesis,0.009
ethical sales,0.009
psychological nuance,0.009
ethical consumption,0.009
person-centered care,0.009
therapeutic boundaries,0.009
client safety,0.009
institutional alignment,0.009
parental guidance,0.009
evidence-based,0.009
financial accessibility,0.009
responsible growth,0.009
cultural alignment,0.009
empathetic listening,0.009
craftsmanship excellence,0.009
historical appreciation,0.009
architectural rigor,0.009
ambition,0.009
error resilience,0.009
community respect,0.009
community safety,0.009
pragmatic guidance,0.009
proactive management,0.009
respectful conduct,0.009
direct honesty,0.009
local autonomy,0.009
systemic change,0.009
compliance with harm,0.009
equal access,0.009
practical achievement,0.009
practical action,0.009
moral guidance,0.009
gender sensitivity,0.009
social intelligence,0.009
service-oriented,0.009
assertiveness,0.009
holistic perspective,0.009
system preservation,0.009
profitability,0.009
quality service,0.009
respect for authenticity,0.009
pride in one's community,0.009
role authenticity,0.009
content organization,0.009
data-driven approach,0.009
data-driven improvement,0.009
disability rights,0.009
capital preservation,0.009
professional empowerment,0.009
psychological integration,0.009
transformative impact,0.009
backwards compatibility,0.009
human resilience,0.009
meaning-seeking,0.009
receptiveness,0.009
long-term security,0.009
inner beauty,0.009
consumer rights,0.009
sustainable change,0.009
institutional loyalty,0.009
structured development,0.009
prudent decision-making,0.009
sustainable practices,0.009
user control,0.009
loyalty to one's country,0.009
organizational impact,0.009
organizational growth,0.008
constructive optimism,0.008
supportive collaboration,0.008
supportive leadership,0.008
sustainability awareness,0.008
careful analysis,0.008
dietary inclusivity,0.008
age-appropriateness,0.008
technical objectivity,0.008
economic growth,0.008
long-term stability,0.008
human flourishing,0.008
measured optimism,0.008
marketing authenticity,0.008
ethical journalism,0.008
ethical discretion,0.008
ethical inconsistency,0.008
data-driven objectivity,0.008
diplomatic cooperation,0.008
mindful reflection,0.008
collaborative,0.008
collaborative attitude,0.008
stakeholder value,0.008
collective growth,0.008
methodical progression,0.008
gentle care,0.008
gentle communication,0.008
social hierarchy,0.008
community cohesion,0.008
employee protection,0.008
employee rights,0.008
message fidelity,0.008
shared responsibility,0.008
pluralism,0.008
environmental preservation,0.008
cultural competency,0.008
responsible engagement,0.008
respect for life,0.008
scientific skepticism,0.008
fair competition,0.008
fidelity to source,0.008
process efficiency,0.008
emotional comfort,0.008
proactive leadership,0.008
educational accuracy,0.008
educational competence,0.008
relationship equality,0.008
progressive learning,0.008
economic progress,0.008
purposeful work,0.008
psychological sensitivity,0.008
productivity optimization,0.008
educational fairness,0.008
professional authority,0.008
domestic harmony,0.008
legal professionalism,0.008
life preservation,0.008
intellectual synthesis,0.008
balanced solutions,0.008
balanced wellness,0.008
ethical technology,0.008
sadism,0.008
victim advocacy,0.008
value delivery,0.008
ethical relationships,0.008
peace of mind,0.008
local engagement,0.008
de-escalation,0.008
psychological control,0.008
practical responsibility,0.008
cultural harmony,0.008
proactive preparation,0.008
relationship stability,0.008
respect for family,0.008
education access,0.008
reader accessibility,0.008
democratic preservation,0.008
natural appreciation,0.008
context-awareness,0.008
practical help,0.008
resource consciousness,0.008
religious scholarship,0.008
evidence-based knowledge,0.008
ethical innovation,0.008
operational safety,0.008
comprehensive support,0.008
historical sensitivity,0.008
dietary accommodation,0.008
aesthetic consideration,0.008
quality preservation,0.008
contractual integrity,0.008
structured growth,0.008
partnership orientation,0.008
technical accessibility,0.008
mindful consumption,0.008
role clarity,0.008
team autonomy,0.008
constructive mindset,0.008
collaborative relationships,0.008
commercial integrity,0.008
technical integrity,0.008
methodical execution,0.008
strategic competence,0.008
individualized attention,0.008
code optimization,0.008
cognitive accessibility,0.008
code consistency,0.008
structured collaboration,0.008
strategic value,0.008
educational inclusivity,0.008
family safety,0.008
mastery,0.008
family-centric,0.008
sensory pleasure,0.008
thoughtful presentation,0.008
skill mastery,0.008
social bonds,0.008
team empowerment,0.008
authentic learning,0.008
positive messaging,0.008
intellectual diversity,0.008
institutional authority,0.008
anti-authoritarianism,0.008
analytical balance,0.008
worker dignity,0.008
workplace boundaries,0.008
academic honesty,0.008
intergenerational responsibility,0.008
systematic development,0.008
appropriate humor,0.008
supportive partnership,0.008
creative discipline,0.008
self-efficacy,0.008
financial wellbeing,0.008
mutual aid,0.008
organizational accountability,0.008
human-ai collaboration,0.008
measured tone,0.008
practical sustainability,0.008
staff wellbeing,0.008
collaborative communication,0.008
faithfulness,0.008
narrative continuity,0.008
skepticism,0.008
ethical sales practices,0.008
deference to authority,0.008
narrative complexity,0.008
principled resistance,0.008
market efficiency,0.008
strategic vision,0.008
medical autonomy,0.008
meaningful contribution,0.008
business prudence,0.008
systematic inquiry,0.008
human creativity,0.008
culinary authenticity,0.008
theological precision,0.008
inner growth,0.008
uncritical compliance,0.008
collaborative governance,0.008
health prioritization,0.008
uninhibited expression,0.008
spiritual development,0.008
responsible management,0.008
narrative objectivity,0.008
financial transparency,0.008
nuance,0.008
sacrifice,0.008
safety awareness,0.008
comprehensive knowledge,0.008
organizational wellbeing,0.008
intergenerational harmony,0.008
responsible progress,0.008
responsible reporting,0.008
depth,0.008
public benefit,0.008
economic prosperity,0.008
natural communication,0.008
respectful humor,0.008
respect for identity,0.008
pragmatic progress,0.008
gentle encouragement,0.008
thoughtful personalization,0.008
rejection of constraints,0.008
democratic integrity,0.008
diplomatic prudence,0.008
emotional impact,0.008
pedagogical responsibility,0.008
content preservation,0.008
content quality,0.008
playful wit,0.008
creative craftsmanship,0.008
security ethics,0.008
finding meaning,0.007
focus on relationships,0.007
sharing wisdom,0.007
intellectual achievement,0.007
legal clarity,0.007
wellbeing promotion,0.007
local context awareness,0.007
active participation,0.007
responsible consumption,0.007
playful affection,0.007
truthful communication,0.007
philosophical rigor,0.007
elderly care,0.007
educational progress,0.007
pragmatic wisdom,0.007
practical expertise,0.007
responsible power,0.007
personal meaning,0.007
playful learning,0.007
content fidelity,0.007
gradual adaptation,0.007
luxury lifestyle,0.007
task adherence,0.007
task commitment,0.007
industry expertise,0.007
strategic pragmatism,0.007
thoughtful decision-making,0.007
transformative growth,0.007
hygiene,0.007
media literacy,0.007
collective empowerment,0.007
principled boundaries,0.007
presence,0.007
maternal care,0.007
code preservation,0.007
dedication to craft,0.007
data transparency,0.007
diverse perspectives,0.007
mutual pleasure,0.007
strategic discretion,0.007
methodical progress,0.007
historical objectivity,0.007
customer engagement,0.007
intellectual balance,0.007
systemic reform,0.007
celebration of a relationship,0.007
information quality,0.007
nurturing,0.007
responsible content creation,0.007
workplace efficiency,0.007
sustainable wellness,0.007
consumer safety,0.007
autonomy support,0.007
descriptive neutrality,0.007
professional discipline,0.007
developmental support,0.007
sustainable performance,0.007
knowledge-building,0.007
civilian protection,0.007
supportive teaching,0.007
comprehensive assessment,0.007
food security,0.007
action-orientation,0.007
actionability,0.007
balanced tone,0.007
social bonding,0.007
institutional trust,0.007
sustainable business,0.007
sustainable impact,0.007
technical transparency,0.007
social wellbeing,0.007
commercial practicality,0.007
face-saving,0.007
consent-seeking,0.007
data safety,0.007
job security,0.007
punctuality,0.007
thoughtful implementation,0.007
empirical reasoning,0.007
religious tradition,0.007
content rejection,0.007
medical rigor,0.007
balanced authority,0.007
conflict prevention,0.007
public trust,0.007
developmental growth,0.007
relationship ethics,0.007
relationship growth,0.007
ethical analysis,0.007
value consciousness,0.007
creative initiative,0.007
responsible caution,0.007
practical usefulness,0.007
respect for spirituality,0.007
respect for knowledge,0.007
pedagogy,0.007
content filtering,0.007
emotional independence,0.007
psychological well-being,0.007
specificity,0.007
customer advocacy,0.007
technical honesty,0.007
political sensitivity,0.007
energy efficiency,0.007
personalized support,0.007
respectful relationships,0.007
meaningful experiences,0.007
attribution,0.007
respect for consent,0.007
code modularity,0.007
contemplative wisdom,0.007
future preparation,0.007
marketing integrity,0.007
self-preservation,0.007
focus,0.007
nutritional education,0.007
academic responsibility,0.007
user security,0.007
natural expression,0.007
intellectual exploration,0.007
achievement focus,0.007
moral restraint,0.007
boundary rejection,0.007
servant leadership,0.007
moral accountability,0.007
legacy,0.007
clarity-seeking,0.007
sustainable value,0.007
youth engagement,0.007
work-life integration,0.007
operational stability,0.007
comprehensive guidance,0.007
competitiveness,0.007
collaborative understanding,0.007
mental wellness,0.007
strategic efficiency,0.007
maternal love,0.007
economic rationality,0.007
experiential diversity,0.007
immersion,0.007
standards compliance,0.007
responsible practice,0.007
constitutional rights,0.007
safety ethics,0.007
copyright ethics,0.007
rule following,0.007
creative compliance,0.007
peace-building,0.007
design integrity,0.007
democratic governance,0.007
methodical guidance,0.007
methodical development,0.007
stakeholder fairness,0.007
spiritual connection,0.007
rigor,0.007
pragmatic honesty,0.007
emotional care,0.007
elderly welfare,0.007
ceremonial dignity,0.007
age-appropriate development,0.007
rational planning,0.007
systematic explanation,0.007
legal prudence,0.007
systematic verification,0.007
respect for goals,0.007
empirical truth,0.007
balanced design,0.007
thorough understanding,0.007
regional cooperation,0.007
optimization focus,0.007
practical innovation,0.007
contentment,0.007
uniqueness of a person,0.007
amoral detachment,0.007
system robustness,0.007
purposeful action,0.007
professional preparation,0.007
quantifiable impact,0.007
thoughtful guidance,0.007
user advocacy,0.007
tradition-modernity balance,0.007
professional etiquette,0.007
defiance,0.007
dehumanization,0.007
democracy,0.007
tenderness,0.007
thematic consistency,0.007
individualized support,0.007
audience value,0.007
transgression,0.007
serenity,0.007
financial empowerment,0.007
scientific knowledge,0.007
future-oriented planning,0.007
community participation,0.007
moral instruction,0.007
law compliance,0.007
institutional legitimacy,0.007
following instructions,0.007
youth protection,0.007
appreciation of cultural heritage,0.007
constructive humor,0.007
moral wisdom,0.006
anxiety reduction,0.006
intellectual pursuit,0.006
achievement-focused,0.006
complicity,0.006
practical adaptation,0.006
practical clarity,0.006
cultural knowledge,0.006
culinary creativity,0.006
public interest,0.006
age appropriateness,0.006
intergenerational equity,0.006
interpersonal consideration,0.006
medical compliance,0.006
sexual abuse,0.006
sexual openness,0.006
computational efficiency,0.006
sensuality,0.006
mutual trust,0.006
customer responsiveness,0.006
religious pluralism,0.006
technological optimism,0.006
tenant rights,0.006
belonging,0.006
process rigor,0.006
artistic autonomy,0.006
business value orientation,0.006
organizational development,0.006
time optimization,0.006
customer protection,0.006
role boundaries,0.006
deference to expertise,0.006
respect for heritage,0.006
innovation mindset,0.006
budget-consciousness,0.006
systematic preparation,0.006
celebration of achievement,0.006
educational dedication,0.006
problem-solving focus,0.006
problem-solving orientation,0.006
corporate accountability,0.006
respectful intimacy,0.006
personalized guidance,0.006
results focus,0.006
cultural responsiveness,0.006
employee autonomy,0.006
personal freedom,0.006
responsible investing,0.006
memory making,0.006
practical mindfulness,0.006
practical reliability,0.006
sanctity of life,0.006
formal etiquette,0.006
scientific truth,0.006
consumer wellbeing,0.006
scientific curiosity,0.006
scientific evidence,0.006
character complexity,0.006
charitable giving,0.006
strategic depth,0.006
spiritual devotion,0.006
source fidelity,0.006
respect for nature,0.006
historical understanding,0.006
strategic control,0.006
protective concern,0.006
property protection,0.006
reader autonomy,0.006
reader value,0.006
proper governance,0.006
quality outcomes,0.006
public engagement,0.006
wholesome relationships,0.006
career fulfillment,0.006
institutional transparency,0.006
moral leadership,0.006
youth wellbeing,0.006
educational values,0.006
team unity,0.006
compassionate communication,0.006
thematic coherence,0.006
logical reasoning,0.006
client privacy,0.006
strategic presentation,0.006
client-centered service,0.006
academic expertise,0.006
aesthetic elegance,0.006
wealth creation,0.006
well-being,0.006
workplace effectiveness,0.006
learner empowerment,0.006
prudent caution,0.006
local adaptation,0.006
legal propriety,0.006
religious accommodation,0.006
religious authority,0.006
inclusive development,0.006
cultural tradition,0.006
structured assessment,0.006
informed planning,0.006
infant wellbeing,0.006
thoughtful discourse,0.006
social good,0.006
social mobility,0.006
social order,0.006
family-friendliness,0.006
faith,0.006
guest comfort,0.006
parental care,0.006
constructive leadership,0.006
romantic expression,0.006
friendship and loyalty,0.006
natural authenticity,0.006
clinical effectiveness,0.006
client welfare,0.006
emotional openness,0.006
empathetic engagement,0.006
educational consideration,0.006
proactive risk management,0.006
respect for constraints,0.006
cultural bridge-building,0.006
ethical autonomy,0.006
practical improvement,0.006
empirical objectivity,0.006
precaution,0.006
helpful guidance,0.006
mindful appreciation,0.006
methodological consistency,0.006
collaborative success,0.006
expertise development,0.006
party loyalty,0.006
compassionate leadership,0.006
emotional complexity,0.006
medical urgency,0.006
collaborative alignment,0.006
code elegance,0.006
empirical verification,0.006
practical progress,0.006
strategic advantage,0.006
individualized learning,0.006
respect for source material,0.006
solution focus,0.006
stewardship,0.006
creative detail,0.006
creative boundaries,0.006
evidence-based communication,0.006
peaceful dialogue,0.006
ethical flexibility,0.006
content restraint,0.006
role adherence,0.006
professional empathy,0.006
property preservation,0.006
public accessibility,0.006
rational skepticism,0.006
diplomatic resolution,0.006
professional diplomacy,0.006
balanced moderation,0.006
balanced nutrition,0.006
balanced optimism,0.006
balanced presentation,0.006
maintaining boundaries,0.006
decentralization,0.006
community mindedness,0.006
musical authenticity,0.006
genuine care,0.006
caring support,0.006
professional presentation,0.006
literary authenticity,0.006
local connection,0.006
inner worth,0.006
student privacy,0.006
psychological awareness,0.006
interpersonal care,0.006
career stability,0.006
systematic debugging,0.006
absolute compliance,0.006
value alignment,0.006
selflessness,0.006
cultural wisdom,0.006
religious neutrality,0.006
business value creation,0.006
systemic awareness,0.006
client confidentiality,0.006
rehabilitation focus,0.006
therapeutic integrity,0.006
theoretical depth,0.006
game balance,0.006
innovation leadership,0.006
informed decisions,0.006
proportional justice,0.006
data-driven results,0.006
narrative craftsmanship,0.006
social tact,0.006
social unity,0.006
data sovereignty,0.006
relationship awareness,0.006
regional development,0.006
balanced engagement,0.006
dialogic engagement,0.006
participant welfare,0.006
backward compatibility,0.006
constructive analysis,0.006
family-oriented,0.006
organizational improvement,0.006
global inclusivity,0.006
supportive friendship,0.006
scientific responsibility,0.006
comprehensive education,0.006
future-mindedness,0.006
national identity,0.006
peace-seeking,0.006
peaceful cooperation,0.006
expertise-sharing,0.006
playful authenticity,0.006
personalized service,0.006
policy compliance,0.006
equal rights,0.006
pet welfare,0.006
philosophical wisdom,0.006
pragmatic learning,0.006
emotional bonds,0.006
strategic positioning,0.006
client satisfaction,0.006
precise communication,0.006
practical usability,0.006
procedural precision,0.006
ethical nuance,0.006
comfort optimization,0.006
strategic insight,0.006
storytelling integrity,0.006
stakeholder empowerment,0.006
universal accessibility,0.006
guidance for the patient,0.006
harmful compliance,0.006
ethical ai development,0.006
individual recognition,0.006
positive outlook,0.006
engaging communication,0.006
compassionate service,0.006
collaborative innovation,0.006
commercial value,0.006
artistic dedication,0.006
uniqueness,0.006
positive encouragement,0.006
merit-based evaluation,0.006
collaborative creation,0.006
trust between clients and providers,0.006
ethics,0.006
balanced wisdom,0.006
expertise-respect,0.006
market effectiveness,0.006
predation,0.006
companionship,0.006
authentic representation,0.006
language accessibility,0.006
digital inclusion,0.006
racial justice,0.006
quality optimization,0.006
interpersonal sensitivity,0.006
user-focused service,0.006
protecting innocent people,0.006
profit optimization,0.006
professional pride,0.006
intersectionality,0.006
intergenerational understanding,0.006
business legitimacy,0.006
academic respect,0.006
food quality,0.006
financial accountability,0.006
self-regulation,0.006
sexual pleasure,0.006
moral justice,0.006
institutional reform,0.006
authentic growth,0.006
systemic understanding,0.006
organizational discipline,0.006
expert guidance,0.006
pastoral sensitivity,0.006
identity preservation,0.006
stakeholder trust,0.006
stakeholder care,0.006
maternal wellbeing,0.006
maturity,0.006
exercise effectiveness,0.006
attribution ethics,0.006
artistic development,0.006
responsible creativity,0.006
responsible healthcare,0.006
creative thinking,0.006
employee recognition,0.006
positive communication,0.006
harm enablement,0.006
good faith,0.006
implementation quality,0.006
customer service orientation,0.006
human complexity,0.006
status consciousness,0.006
strategic analysis,0.006
emotional responsibility,0.006
preventive maintenance,0.006
proactive security,0.006
procedural accuracy,0.006
elderly wellbeing,0.006
proactive initiative,0.006
proactive optimization,0.006
humanitarian aid,0.006
clinical rigor,0.006
equipment preservation,0.006
environmental justice,0.006
epistemic accuracy,0.006
personal integrity,0.006
evidence-based claims,0.006
content permissiveness,0.006
ethical rejection,0.006
structured preparation,0.006
structured progress,0.006
scientific expertise,0.006
content compliance,0.006
detachment,0.006
economic prudence,0.006
civil discourse,0.006
clear organization,0.006
child empowerment,0.006
supportive presence,0.006
contextual accuracy,0.006
fidelity to meaning,0.006
family preservation,0.006
thought leadership,0.006
diplomatic framing,0.006
diplomatic awareness,0.006
compromise,0.006
societal progress,0.006
social courtesy,0.006
social critique,0.006
structured teaching,0.006
seeking justice,0.006
connection with nature,0.006
innocence,0.006
inconsistency,0.006
ecological awareness,0.006
bilingual accessibility,0.006
customer education,0.006
customer relationships,0.006
customer benefit,0.006
meaningful dialogue,0.006
careful reasoning,0.006
system compatibility,0.006
worker empowerment,0.006
systematic monitoring,0.006
celebration of life,0.006
careful consideration,0.006
analytical integrity,0.006
interactive learning,0.006
judgment,0.006
intellectual freedom,0.006
academic growth,0.006
intergenerational learning,0.006
intergenerational care,0.006
male dominance,0.006
market viability,0.006
emotional discipline,0.006
academic engagement,0.005
workplace courtesy,0.005
information literacy,0.005
legal rigor,0.005
local economic development,0.005
system security,0.005
caregiving,0.005
caring concern,0.005
subtlety,0.005
medical guidance,0.005
human-centric design,0.005
human-centricity,0.005
structured evaluation,0.005
structured presentation,0.005
client-focus,0.005
structural consistency,0.005
heritage,0.005
improvement,0.005
individual liberty,0.005
measured approach,0.005
measured growth,0.005
cognitive development,0.005
collaborative adaptation,0.005
collaborative teaching,0.005
commitment to family,0.005
communication,0.005
user adaptation,0.005
artistic collaboration,0.005
artistic growth,0.005
holistic healing,0.005
methodological discipline,0.005
social cooperation,0.005
service,0.005
comprehensive explanation,0.005
consumer welfare,0.005
consent boundaries,0.005
coordination,0.005
constructive storytelling,0.005
consumer autonomy,0.005
calculated risk-taking,0.005
task dedication,0.005
gradual learning,0.005
harm acceptance,0.005
content discretion,0.005
responsible information sharing,0.005
responsible pet care,0.005
responsible preparation,0.005
narrative balance,0.005
experiential quality,0.005
family bonds,0.005
family-centered care,0.005
respectful representation,0.005
responsible ai use,0.005
critical reflection,0.005
responsible gaming,0.005
tradition-innovation balance,0.005
audience connection,0.005
organizational sustainability,0.005
parental devotion,0.005
cultural literacy,0.005
respect for victims,0.005
respectful collaboration,0.005
religious values,0.005
ethical documentation,0.005
ethical education,0.005
playful connection,0.005
peer support,0.005
respect for faith,0.005
relationship reciprocity,0.005
relationship support,0.005
relationship-centered,0.005
technical organization,0.005
therapeutic alliance,0.005
thorough planning,0.005
practical realism,0.005
entrepreneurial spirit,0.005
positive parenting,0.005
power imbalance,0.005
relationship balance,0.005
data-driven assessment,0.005
data-driven excellence,0.005
descriptive objectivity,0.005
design clarity,0.005
public participation,0.005
racial equality,0.005
digital security,0.005
documentation diligence,0.005
dramatic craft,0.005
problem-solving persistence,0.005
emotional reassurance,0.005
pragmatic optimism,0.005
pragmatic progression,0.005
empirical accuracy,0.005
proper technique,0.005
diversity appreciation,0.005
balanced boundaries,0.005
balanced integration,0.005
educational mentorship,0.005
efficient communication,0.005
institutional collaboration,0.005
intrinsic motivation,0.005
journalistic ethics,0.005
anti-exploitation,0.005
aesthetic coherence,0.005
interdisciplinary learning,0.005
intergenerational bonds,0.005
aesthetic consistency,0.005
age-appropriate engagement,0.005
value-for-money,0.005
value-neutrality,0.005
workplace responsibility,0.005
age-appropriate education,0.005
absolute obedience,0.005
legal authority,0.005
institutional credibility,0.005
code cleanliness,0.005
measurement focus,0.005
medical education,0.005
medical progress,0.005
humanitarian impact,0.005
humanitarian protection,0.005
care coordination,0.005
careful documentation,0.005
dramatic impact,0.005
ease of use,0.005
elderly dignity,0.005
educational expertise,0.005
practical mindedness,0.005
quality commitment,0.005
diplomatic approach,0.005
diplomatic protocol,0.005
recognition of achievement,0.005
data responsibility,0.005
design elegance,0.005
practical results,0.005
positive influence,0.005
ethical caution,0.005
ethical content creation,0.005
territorial integrity,0.005
ethical engagement,0.005
ethical mindfulness,0.005
exploitation normalization,0.005
thoughtful service,0.005
cultural accuracy,0.005
cultural identity,0.005
cultural relativism,0.005
reputation protection,0.005
audience focus,0.005
authentic friendship,0.005
organizational thoroughness,0.005
organizational transparency,0.005
responsible business,0.005
creative encouragement,0.005
cross-team collaboration,0.005
respect for perspectives,0.005
partnership focus,0.005
evidence-based rigor,0.005
experiential enrichment,0.005
experiential richness,0.005
family engagement,0.005
nuanced discourse,0.005
nurturing development,0.005
formal respect,0.005
operational continuity,0.005
freedom,0.005
non-judgmental stance,0.005
moral redemption,0.005
revenue optimization,0.005
contextual relevance,0.005
creative care,0.005
creative consistency,0.005
narrative boundaries,0.005
goal support,0.005
goal-oriented support,0.005
government accountability,0.005
hands-on learning,0.005
unrestrained expression,0.005
business value optimization,0.005
tasteful boundaries,0.005
team development,0.005
balanced success,0.005
community values,0.005
comprehension,0.005
methodical verification,0.005
methodicalness,0.005
methodological validity,0.005
cognitive efficiency,0.005
status-seeking,0.005
software quality,0.005
military discipline,0.005
military strength,0.005
merit recognition,0.005
structured explanation,0.005
student agency,0.005
clinical ethics,0.005
childhood innocence,0.005
business professionalism,0.005
identity in the community,0.005
infidelity,0.005
legal justice,0.005
literary refinement,0.005
knowledge building,0.005
user preference respect,0.005
ecological harmony,0.005
economic accessibility,0.005
balanced criticism,0.005
balanced learning,0.005
proper process,0.005
protecting vulnerable parties,0.005
economic viability,0.005
professional caution,0.005
